{
  "Total Ideas": 50,
  "Context Similarities": {
    "cosine": {
      "mean": 0.8746276795864105,
      "median": 0.8805860877037048,
      "std": 0.028806814890929344,
      "min": 0.818148136138916,
      "max": 0.9272425770759583
    },
    "self_bleu": {
      "mean": 3.504292154248845e-05,
      "median": 1.4062786690450805e-05,
      "std": 6.238412201472184e-05,
      "min": 2.3522428070071986e-07,
      "max": 0.0003479457519271628
    },
    "bertscore": {
      "mean": -0.01345932026859373,
      "median": -0.02279448602348566,
      "std": 0.028259496812231222,
      "min": -0.06451950967311859,
      "max": 0.060300640761852264
    }
  },
  "Pairwise Similarities": {
    "cosine": {
      "mean": 0.89601083278656,
      "median": 0.8973981440067291,
      "std": 0.028268358604949223,
      "min": 0.7954276204109192,
      "max": 0.9959433674812317
    },
    "self_bleu_scores": {
      "mean": 0.22207540605509155,
      "median": 0.21675719076927571,
      "std": 0.056012315111209326,
      "min": 0.09346359867108038,
      "max": 0.5541748831539272
    },
    "bertscore_scores": {
      "mean": 0.44779190546274183,
      "median": 0.44465386867523193,
      "std": 0.05862405362672249,
      "min": 0.2711072564125061,
      "max": 0.7060417532920837
    }
  },
  "Runtime": {
    "Seconds": 824.9693760871887,
    "Minutes": 13.749489601453146,
    "Hours": 0.2291581600242191,
    "Format": "13 minutes 44 seconds"
  }
}