{
  "Total Ideas": 50,
  "Context Similarities": {
    "cosine": {
      "mean": 0.8867425417900086,
      "median": 0.8871752023696899,
      "std": 0.02596600343392811,
      "min": 0.8267104625701904,
      "max": 0.9365799427032471
    },
    "self_bleu": {
      "mean": 6.630914212954559e-06,
      "median": 2.62952119919233e-06,
      "std": 1.3622525715642662e-05,
      "min": 2.0477644815345213e-07,
      "max": 8.514194642047974e-05
    },
    "bertscore": {
      "mean": -0.04711410176474601,
      "median": -0.04976210929453373,
      "std": 0.02556703712269089,
      "min": -0.09255598485469818,
      "max": 0.009815077297389507
    }
  },
  "Pairwise Similarities": {
    "cosine": {
      "mean": 0.919637378692627,
      "median": 0.9209606945514679,
      "std": 0.02854569821762246,
      "min": 0.8183059692382812,
      "max": 0.9956990480422974
    },
    "self_bleu_scores": {
      "mean": 0.29230385152995036,
      "median": 0.2791857749323585,
      "std": 0.0773881142681261,
      "min": 0.11654441400693848,
      "max": 0.6617492802101576
    },
    "bertscore_scores": {
      "mean": 0.5325061910152435,
      "median": 0.5223158001899719,
      "std": 0.06376521210001315,
      "min": 0.3847653567790985,
      "max": 0.806007444858551
    }
  },
  "Runtime": {
    "Seconds": 770.9420940876007,
    "Minutes": 12.849034901460012,
    "Hours": 0.2141505816910002,
    "Format": "12 minutes 50 seconds"
  }
}