{
  "Total Ideas": 50,
  "Context Similarities": {
    "cosine": {
      "mean": 0.852074966430664,
      "median": 0.8532984256744385,
      "std": 0.02268369554743398,
      "min": 0.789953887462616,
      "max": 0.8923661708831787
    },
    "self_bleu": {
      "mean": 0.00046647899890968597,
      "median": 0.000363176217969549,
      "std": 0.00035445572577236115,
      "min": 7.202998964787123e-05,
      "max": 0.001885621872541058
    },
    "bertscore": {
      "mean": -0.07550962299108505,
      "median": -0.07115401327610016,
      "std": 0.02430416763099805,
      "min": -0.13203348219394684,
      "max": -0.03944748640060425
    }
  },
  "Pairwise Similarities": {
    "cosine": {
      "mean": 0.9316897544860839,
      "median": 0.9342288970947266,
      "std": 0.03320982334683974,
      "min": 0.8304676413536072,
      "max": 0.9999998807907104
    },
    "self_bleu_scores": {
      "mean": 0.401988615031488,
      "median": 0.38739052556343184,
      "std": 0.07327736835849306,
      "min": 0.24301397493948132,
      "max": 0.7398038298791113
    },
    "bertscore_scores": {
      "mean": 0.5672021996974945,
      "median": 0.5410416722297668,
      "std": 0.09612541544958765,
      "min": 0.33830514550209045,
      "max": 0.9045886993408203
    }
  },
  "Runtime": {
    "Seconds": 963.2111942768097,
    "Minutes": 16.053519904613495,
    "Hours": 0.2675586650768916,
    "Format": "16 minutes 3 seconds"
  }
}