{
  "Total Ideas": 50,
  "Context Similarities": {
    "cosine": {
      "mean": 0.8777457904815674,
      "median": 0.8837554454803467,
      "std": 0.035096534982396545,
      "min": 0.7799373269081116,
      "max": 0.9423028230667114
    },
    "self_bleu": {
      "mean": 5.2601952354463696e-05,
      "median": 1.954951765612711e-05,
      "std": 7.230882226310537e-05,
      "min": 1.071850312974667e-06,
      "max": 0.0003008294970606934
    },
    "bertscore": {
      "mean": -0.015767014930024744,
      "median": -0.017247194424271584,
      "std": 0.038810776937519574,
      "min": -0.09621544927358627,
      "max": 0.0648023933172226
    }
  },
  "Pairwise Similarities": {
    "cosine": {
      "mean": 0.8913768521547317,
      "median": 0.8986075818538666,
      "std": 0.03810634322562675,
      "min": 0.751268744468689,
      "max": 0.9789700508117676
    },
    "self_bleu_scores": {
      "mean": 0.2208245553072547,
      "median": 0.21631862594020912,
      "std": 0.05834436906341888,
      "min": 0.08241928875654679,
      "max": 0.4835985032935457
    },
    "bertscore_scores": {
      "mean": 0.4269217709004879,
      "median": 0.42309051752090454,
      "std": 0.06359217229064688,
      "min": 0.2255754917860031,
      "max": 0.6494637727737427
    }
  },
  "Runtime": {
    "Seconds": 938.337327003479,
    "Minutes": 15.638955450057983,
    "Hours": 0.2606492575009664,
    "Format": "15 minutes 38 seconds"
  }
}