{
  "Total Ideas": 50,
  "Context Similarities": {
    "cosine": {
      "mean": 0.8121039497852326,
      "median": 0.8120370507240295,
      "std": 0.02186423183290002,
      "min": 0.7701996564865112,
      "max": 0.8580700755119324
    },
    "self_bleu": {
      "mean": 7.5276023466196275e-25,
      "median": 3.8901564929573576e-28,
      "std": 4.597414365803479e-24,
      "min": 1.1748497235618881e-39,
      "max": 3.251143457748763e-23
    },
    "bertscore": {
      "mean": -0.03050641264853766,
      "median": -0.02896510809659958,
      "std": 0.03166905770661758,
      "min": -0.09747623652219772,
      "max": 0.03874963894486427
    }
  },
  "Pairwise Similarities": {
    "cosine": {
      "mean": 0.937934858083725,
      "median": 0.9436399638652802,
      "std": 0.03598080936144701,
      "min": 0.8140061497688293,
      "max": 1.0
    },
    "self_bleu_scores": {
      "mean": 0.41508894989315925,
      "median": 0.43619337641277406,
      "std": 0.19664648830842438,
      "min": 0.029210152126373262,
      "max": 1.0
    },
    "bertscore_scores": {
      "mean": 0.6562111242413521,
      "median": 0.658009946346283,
      "std": 0.12160623293633009,
      "min": 0.3584495186805725,
      "max": 0.9999996423721313
    }
  },
  "Runtime": {
    "Seconds": 691.8175220489502,
    "Minutes": 11.53029203414917,
    "Hours": 0.19217153390248617,
    "Format": "11 minutes 31 seconds"
  }
}