{
  "Total Ideas": 50,
  "Context Similarities": {
    "cosine": {
      "mean": 0.8421201062202454,
      "median": 0.8421989381313324,
      "std": 0.019428923180343633,
      "min": 0.7933686971664429,
      "max": 0.8881216049194336
    },
    "self_bleu": {
      "mean": 0.000663463225478897,
      "median": 0.0005666478168687323,
      "std": 0.00040845860994798383,
      "min": 0.00011121247250313012,
      "max": 0.0019906172026044363
    },
    "bertscore": {
      "mean": -0.06826976146548987,
      "median": -0.06716875731945038,
      "std": 0.023830173430460653,
      "min": -0.12596899271011353,
      "max": -0.022698426619172096
    }
  },
  "Pairwise Similarities": {
    "cosine": {
      "mean": 0.9155775374174118,
      "median": 0.913402795791626,
      "std": 0.03471035087506431,
      "min": 0.812090277671814,
      "max": 0.9840930700302124
    },
    "self_bleu_scores": {
      "mean": 0.374556723138676,
      "median": 0.36547721099743713,
      "std": 0.05214119136421119,
      "min": 0.23654206708628472,
      "max": 0.529358405014427
    },
    "bertscore_scores": {
      "mean": 0.5480148251652718,
      "median": 0.5350645482540131,
      "std": 0.0753062173418641,
      "min": 0.3614821135997772,
      "max": 0.7996999621391296
    }
  },
  "Runtime": {
    "Seconds": 939.3008890151978,
    "Minutes": 15.655014816919962,
    "Hours": 0.2609169136153327,
    "Format": "15 minutes 39 seconds"
  }
}