{
  "Total Ideas": 50,
  "Context Similarities": {
    "cosine": {
      "mean": 0.8710813343524932,
      "median": 0.8726314306259155,
      "std": 0.03083171524365705,
      "min": 0.794840395450592,
      "max": 0.923263669013977
    },
    "self_bleu": {
      "mean": 6.185290818906744e-05,
      "median": 1.9329635414571787e-05,
      "std": 7.98588401019698e-05,
      "min": 1.8893389316579012e-06,
      "max": 0.0003334654701131623
    },
    "bertscore": {
      "mean": -0.025543138056527824,
      "median": -0.03112504631280899,
      "std": 0.027158225966653717,
      "min": -0.07217429578304291,
      "max": 0.04001254588365555
    }
  },
  "Pairwise Similarities": {
    "cosine": {
      "mean": 0.9019717497825622,
      "median": 0.8996604084968567,
      "std": 0.035143252811352416,
      "min": 0.7912169098854065,
      "max": 0.9970904588699341
    },
    "self_bleu_scores": {
      "mean": 0.2614764702701309,
      "median": 0.24369313252644212,
      "std": 0.08045006299596764,
      "min": 0.12160643196816086,
      "max": 0.7024827732219019
    },
    "bertscore_scores": {
      "mean": 0.4751987296938896,
      "median": 0.46048717200756073,
      "std": 0.0776736610124205,
      "min": 0.3077344000339508,
      "max": 0.8129894137382507
    }
  },
  "Runtime": {
    "Seconds": 907.1961240768433,
    "Minutes": 15.11993540128072,
    "Hours": 0.25199892335467866,
    "Format": "15 minutes 7 seconds"
  }
}