{
  "Total Ideas": 50,
  "Context Similarities": {
    "cosine": {
      "mean": 0.886349503993988,
      "median": 0.8890517055988312,
      "std": 0.024881083673463866,
      "min": 0.8181848526000977,
      "max": 0.9346849322319031
    },
    "self_bleu": {
      "mean": 7.935515293477948e-06,
      "median": 4.742976031325725e-06,
      "std": 1.2596978855279744e-05,
      "min": 1.3550441760677623e-07,
      "max": 7.972949833711991e-05
    },
    "bertscore": {
      "mean": -0.046635446990840136,
      "median": -0.04747821018099785,
      "std": 0.0267244280965269,
      "min": -0.12186736613512039,
      "max": 0.0149482861161232
    }
  },
  "Pairwise Similarities": {
    "cosine": {
      "mean": 0.923944970369339,
      "median": 0.9265020489692688,
      "std": 0.030669352961705993,
      "min": 0.8009272813796997,
      "max": 0.9902918338775635
    },
    "self_bleu_scores": {
      "mean": 0.3169156162684485,
      "median": 0.3008093189009956,
      "std": 0.089093206533733,
      "min": 0.15485580741562088,
      "max": 0.6679596191905042
    },
    "bertscore_scores": {
      "mean": 0.5523254677057267,
      "median": 0.5440657734870911,
      "std": 0.0664342194322155,
      "min": 0.39488592743873596,
      "max": 0.8015374541282654
    }
  },
  "Runtime": {
    "Seconds": 860.9856810569763,
    "Minutes": 14.349761350949604,
    "Hours": 0.23916268918249342,
    "Format": "14 minutes 20 seconds"
  }
}