{
  "Total Ideas": 50,
  "Context Similarities": {
    "cosine": {
      "mean": 0.8792518305778504,
      "median": 0.8824543356895447,
      "std": 0.029775763891750195,
      "min": 0.8159605860710144,
      "max": 0.9431721568107605
    },
    "self_bleu": {
      "mean": 6.38891198328473e-05,
      "median": 1.664196233831067e-05,
      "std": 0.0001376030693379246,
      "min": 1.7630037007601237e-06,
      "max": 0.0008386731592163003
    },
    "bertscore": {
      "mean": -0.020326894012396225,
      "median": -0.024936236441135406,
      "std": 0.027937096043895767,
      "min": -0.07288980484008789,
      "max": 0.04319629818201065
    }
  },
  "Pairwise Similarities": {
    "cosine": {
      "mean": 0.9001630544662476,
      "median": 0.899006187915802,
      "std": 0.032715101511933846,
      "min": 0.7893832921981812,
      "max": 0.9813507199287415
    },
    "self_bleu_scores": {
      "mean": 0.2329686718225609,
      "median": 0.2243521599123336,
      "std": 0.06292763947581466,
      "min": 0.09106162117874254,
      "max": 0.5001567369745429
    },
    "bertscore_scores": {
      "mean": 0.44773896771669386,
      "median": 0.439888134598732,
      "std": 0.06373273673772124,
      "min": 0.28631898760795593,
      "max": 0.6740057468414307
    }
  },
  "Runtime": {
    "Seconds": 946.0853650569916,
    "Minutes": 15.768089417616526,
    "Hours": 0.2628014902936088,
    "Format": "15 minutes 46 seconds"
  }
}