{
  "Total Ideas": 50,
  "Context Similarities": {
    "cosine": {
      "mean": 0.8417297792434693,
      "median": 0.8469589650630951,
      "std": 0.025021418438087337,
      "min": 0.7667207717895508,
      "max": 0.8948391675949097
    },
    "self_bleu": {
      "mean": 0.0007910039955089454,
      "median": 0.0005447478889052956,
      "std": 0.0006861508856036892,
      "min": 0.00014164232927207966,
      "max": 0.0031807048146651126
    },
    "bertscore": {
      "mean": -0.06273832615464926,
      "median": -0.06391401588916779,
      "std": 0.020954873778621815,
      "min": -0.10702750086784363,
      "max": -0.021018434315919876
    }
  },
  "Pairwise Similarities": {
    "cosine": {
      "mean": 0.9041408622264862,
      "median": 0.9082197546958923,
      "std": 0.035899458943152475,
      "min": 0.7857166528701782,
      "max": 0.9786034226417542
    },
    "self_bleu_scores": {
      "mean": 0.3373043957360801,
      "median": 0.3317068741311567,
      "std": 0.05141431025443869,
      "min": 0.22338270585810796,
      "max": 0.4836397846743244
    },
    "bertscore_scores": {
      "mean": 0.5259070632457733,
      "median": 0.5200641751289368,
      "std": 0.06480660370452491,
      "min": 0.3644324243068695,
      "max": 0.704723060131073
    }
  },
  "Runtime": {
    "Seconds": 1002.9517288208008,
    "Minutes": 16.715862147013347,
    "Hours": 0.2785977024502224,
    "Format": "16 minutes 42 seconds"
  }
}