{
  "Total Ideas": 50,
  "Context Similarities": {
    "cosine": {
      "mean": 0.879521518945694,
      "median": 0.8798778653144836,
      "std": 0.02442922269757128,
      "min": 0.8228728771209717,
      "max": 0.9316383600234985
    },
    "self_bleu": {
      "mean": 1.3428733242999747e-05,
      "median": 3.7979362413593115e-06,
      "std": 3.8044192071005216e-05,
      "min": 4.966787339385818e-07,
      "max": 0.00026277157412443644
    },
    "bertscore": {
      "mean": -0.05204887585103279,
      "median": -0.052460091188549995,
      "std": 0.028949160212780222,
      "min": -0.10187981277704239,
      "max": 0.016043441370129585
    }
  },
  "Pairwise Similarities": {
    "cosine": {
      "mean": 0.9066186728477478,
      "median": 0.9068334400653839,
      "std": 0.028503125323015337,
      "min": 0.8279128670692444,
      "max": 0.9864106178283691
    },
    "self_bleu_scores": {
      "mean": 0.22505422079836934,
      "median": 0.21876715293453608,
      "std": 0.06936043867595121,
      "min": 0.06701113581572918,
      "max": 0.45542616032430383
    },
    "bertscore_scores": {
      "mean": 0.46134538066387176,
      "median": 0.4595537632703781,
      "std": 0.06608064163151897,
      "min": 0.2706280052661896,
      "max": 0.6664056777954102
    }
  },
  "Runtime": {
    "Seconds": 890.8926298618317,
    "Minutes": 14.848210497697194,
    "Hours": 0.2474701749616199,
    "Format": "14 minutes 50 seconds"
  }
}