{
  "Total Ideas": 50,
  "Context Similarities": {
    "cosine": {
      "mean": 0.848809564113617,
      "median": 0.8495492935180664,
      "std": 0.018120186683286403,
      "min": 0.8118020296096802,
      "max": 0.8856963515281677
    },
    "self_bleu": {
      "mean": 0.0007659673015371415,
      "median": 0.0006954684898682216,
      "std": 0.00047774768068140923,
      "min": 0.00013876959003022264,
      "max": 0.002048099182642102
    },
    "bertscore": {
      "mean": -0.06302586317062378,
      "median": -0.057257795706391335,
      "std": 0.021938366466806445,
      "min": -0.11306409537792206,
      "max": -0.027204066514968872
    }
  },
  "Pairwise Similarities": {
    "cosine": {
      "mean": 0.9223645665645599,
      "median": 0.9247527122497559,
      "std": 0.030123445693824573,
      "min": 0.8386627435684204,
      "max": 0.9858787655830383
    },
    "self_bleu_scores": {
      "mean": 0.36191056142220884,
      "median": 0.35766183204901836,
      "std": 0.053668968238980784,
      "min": 0.23121516318620083,
      "max": 0.5346941266799151
    },
    "bertscore_scores": {
      "mean": 0.5457399226427079,
      "median": 0.5359501242637634,
      "std": 0.06711700457831543,
      "min": 0.42216628789901733,
      "max": 0.7684317231178284
    }
  },
  "Runtime": {
    "Seconds": 1099.4077188968658,
    "Minutes": 18.323461981614432,
    "Hours": 0.3053910330269072,
    "Format": "18 minutes 19 seconds"
  }
}