{
  "Total Ideas": 50,
  "Context Similarities": {
    "cosine": {
      "mean": 0.8072586989402771,
      "median": 0.8069333434104919,
      "std": 0.022682120613919297,
      "min": 0.7592412233352661,
      "max": 0.8542451858520508
    },
    "self_bleu": {
      "mean": 1.1172482241808048e-20,
      "median": 7.484740902487934e-28,
      "std": 7.75975073109888e-20,
      "min": 4.769561833120967e-39,
      "max": 5.488599402364398e-19
    },
    "bertscore": {
      "mean": -0.038798782797530296,
      "median": -0.04394906386733055,
      "std": 0.03237958478018269,
      "min": -0.10250667482614517,
      "max": 0.026610754430294037
    }
  },
  "Pairwise Similarities": {
    "cosine": {
      "mean": 0.9140882703065872,
      "median": 0.9245254397392273,
      "std": 0.04946328357367655,
      "min": 0.7676610350608826,
      "max": 0.9995725154876709
    },
    "self_bleu_scores": {
      "mean": 0.3715634526227134,
      "median": 0.3884969927251756,
      "std": 0.18854357419762557,
      "min": 0.01863330042798237,
      "max": 0.9669816961515574
    },
    "bertscore_scores": {
      "mean": 0.5999512060880661,
      "median": 0.596071183681488,
      "std": 0.1362674360333407,
      "min": 0.3018902540206909,
      "max": 0.9938588738441467
    }
  },
  "Runtime": {
    "Seconds": 696.6807579994202,
    "Minutes": 11.611345966657003,
    "Hours": 0.19352243277761672,
    "Format": "11 minutes 36 seconds"
  }
}