{
  "Total Ideas": 50,
  "Context Similarities": {
    "cosine": {
      "mean": 0.880225214958191,
      "median": 0.8811199367046356,
      "std": 0.02368458020608454,
      "min": 0.8258670568466187,
      "max": 0.9338801503181458
    },
    "self_bleu": {
      "mean": 7.512166736514922e-06,
      "median": 3.053669909521991e-06,
      "std": 1.5667219532160602e-05,
      "min": 1.2365818018744288e-07,
      "max": 9.958125608720376e-05
    },
    "bertscore": {
      "mean": -0.04873783450573683,
      "median": -0.05182952061295509,
      "std": 0.02533458499054944,
      "min": -0.09585698693990707,
      "max": 0.02391895279288292
    }
  },
  "Pairwise Similarities": {
    "cosine": {
      "mean": 0.9118776311874389,
      "median": 0.9152071475982666,
      "std": 0.03170670261044259,
      "min": 0.7954226136207581,
      "max": 0.9740873575210571
    },
    "self_bleu_scores": {
      "mean": 0.2321092306904921,
      "median": 0.22500376344713185,
      "std": 0.08242627386488452,
      "min": 0.050446488145916096,
      "max": 0.5278322456277347
    },
    "bertscore_scores": {
      "mean": 0.48326149508357047,
      "median": 0.482844278216362,
      "std": 0.07660040447207897,
      "min": 0.23619259893894196,
      "max": 0.7425321936607361
    }
  },
  "Runtime": {
    "Seconds": 918.5231800079346,
    "Minutes": 15.30871966679891,
    "Hours": 0.25514532777998183,
    "Format": "15 minutes 18 seconds"
  }
}