{
  "Total Ideas": 50,
  "Context Similarities": {
    "cosine": {
      "mean": 0.8090718698501587,
      "median": 0.8018673062324524,
      "std": 0.02943649031750343,
      "min": 0.7458730340003967,
      "max": 0.8620065450668335
    },
    "self_bleu": {
      "mean": 8.626355109412144e-23,
      "median": 5.178142041709683e-29,
      "std": 4.219546253592047e-22,
      "min": 1.8859378596432526e-44,
      "max": 2.5802976362666255e-21
    },
    "bertscore": {
      "mean": -0.03803198399953544,
      "median": -0.04370502941310406,
      "std": 0.04082123481830559,
      "min": -0.10606301575899124,
      "max": 0.053356416523456573
    }
  },
  "Pairwise Similarities": {
    "cosine": {
      "mean": 0.8869600167274475,
      "median": 0.8982828855514526,
      "std": 0.05288003806232612,
      "min": 0.7223053574562073,
      "max": 0.9873453974723816
    },
    "self_bleu_scores": {
      "mean": 0.19896446994501923,
      "median": 0.16612054889397845,
      "std": 0.13630072090746584,
      "min": 0.013699162600757007,
      "max": 0.6751100828749039
    },
    "bertscore_scores": {
      "mean": 0.5130446203351021,
      "median": 0.5014297664165497,
      "std": 0.10819222307373869,
      "min": 0.2680199146270752,
      "max": 0.8498013019561768
    }
  },
  "Runtime": {
    "Seconds": 719.8177487850189,
    "Minutes": 11.996962479750316,
    "Hours": 0.19994937466250526,
    "Format": "11 minutes 59 seconds"
  }
}