{
  "Total Ideas": 50,
  "Context Similarities": {
    "cosine": {
      "mean": 0.8125735676288605,
      "median": 0.8150184750556946,
      "std": 0.030637154123372486,
      "min": 0.7230097651481628,
      "max": 0.867080807685852
    },
    "self_bleu": {
      "mean": 1.6715142264229765e-22,
      "median": 1.5713729652628437e-28,
      "std": 1.1409537517451282e-21,
      "min": 5.8888310600393635e-40,
      "max": 8.0695623778257e-21
    },
    "bertscore": {
      "mean": -0.03572101201163605,
      "median": -0.035075871273875237,
      "std": 0.037857276133216655,
      "min": -0.15734848380088806,
      "max": 0.03351294994354248
    }
  },
  "Pairwise Similarities": {
    "cosine": {
      "mean": 0.8922659455537796,
      "median": 0.8961393237113953,
      "std": 0.047788601537327495,
      "min": 0.7378632426261902,
      "max": 0.996619462966919
    },
    "self_bleu_scores": {
      "mean": 0.2339796699656386,
      "median": 0.18394332933230445,
      "std": 0.1607955381439609,
      "min": 0.015666908890418964,
      "max": 0.9440418539424026
    },
    "bertscore_scores": {
      "mean": 0.5110922821760178,
      "median": 0.4861278086900711,
      "std": 0.12398039968009773,
      "min": 0.14879031479358673,
      "max": 0.9420588612556458
    }
  },
  "Runtime": {
    "Seconds": 685.2252252101898,
    "Minutes": 11.42042042016983,
    "Hours": 0.19034034033616384,
    "Format": "11 minutes 25 seconds"
  }
}